date,NVDA_stock_news_sentiment,NVDA_press_release_sentiment,NVDA_twitter_social_sentiment
01-01-2020,weakly_positive,,
01-01-2021,neutral,,
01-01-2022,weakly_positive,,
01-01-2023,weakly_positive,,
01-01-2024,weakly_positive,,
01-01-2025,weakly_positive,,strongly_positive
01-02-2019,weakly_positive,weakly_positive,
01-02-2021,weakly_positive,,
01-02-2022,weakly_positive,,
01-02-2023,weakly_positive,neutral,
01-02-2024,weakly_positive,,
01-02-2025,weakly_positive,,strongly_positive
01-03-2020,weakly_positive,,
01-03-2021,weakly_positive,,
01-03-2022,weakly_negative,,
01-03-2023,weakly_positive,,
01-03-2024,weakly_positive,,
01-03-2025,weakly_positive,,strongly_positive
01-04-2019,weakly_positive,,
01-04-2020,weakly_positive,,
01-04-2021,weakly_negative,,
01-04-2022,weakly_positive,,
01-04-2023,weakly_positive,,
01-04-2024,weakly_positive,,
01-05-2020,neutral,,
01-05-2021,weakly_positive,,
01-05-2022,weakly_positive,,
01-05-2023,weakly_positive,,
01-05-2024,weakly_positive,neutral,
01-06-2019,weakly_positive,,
01-06-2020,weakly_positive,,
01-06-2021,weakly_positive,weakly_negative,
01-06-2022,weakly_positive,weakly_positive,
01-06-2023,weakly_positive,,
01-06-2024,weakly_positive,,
01-07-2019,weakly_positive,,
01-07-2020,weakly_positive,,
01-07-2021,weakly_positive,,
01-07-2022,neutral,,
01-07-2023,weakly_positive,,
01-07-2024,weakly_positive,neutral,
01-08-2020,neutral,,
01-08-2021,neutral,,
01-08-2022,weakly_positive,,
01-08-2023,weakly_positive,,
01-08-2024,weakly_positive,weakly_positive,
01-09-2020,weakly_positive,weakly_positive,
01-09-2021,weakly_positive,,
01-09-2022,neutral,,
01-09-2023,weakly_positive,,
01-09-2024,weakly_positive,,
01-10-2019,weakly_positive,,
01-10-2021,neutral,,
01-10-2023,weakly_positive,,
01-10-2024,weakly_positive,weakly_positive,
01-11-2021,weakly_positive,,
01-11-2022,weakly_negative,,
01-11-2023,neutral,neutral,
01-11-2024,weakly_positive,weakly_positive,
01-12-2020,weakly_positive,,
01-12-2021,weakly_positive,,
01-12-2022,weakly_positive,,
01-12-2023,weakly_positive,,
01-12-2024,weakly_positive,,
02-01-2019,weakly_positive,weakly_positive,
02-01-2020,weakly_positive,,
02-01-2022,weakly_positive,,
02-01-2023,neutral,,
02-01-2024,weakly_positive,,
02-01-2025,weakly_positive,weakly_positive,strongly_positive
02-02-2021,weakly_positive,,
02-02-2022,weakly_positive,neutral,
02-02-2023,weakly_positive,,
02-02-2024,weakly_positive,,
02-02-2025,weakly_positive,,strongly_positive
02-03-2020,weakly_positive,,
02-03-2021,weakly_positive,,
02-03-2022,weakly_positive,,
02-03-2023,weakly_positive,,
02-03-2024,weakly_positive,,
02-03-2025,weakly_positive,,strongly_positive
02-04-2020,weakly_positive,strongly_positive,
02-04-2021,weakly_positive,,
02-04-2022,weakly_positive,,
02-04-2023,weakly_positive,,
02-04-2024,weakly_positive,weakly_positive,
02-05-2022,weakly_positive,,
02-05-2023,weakly_positive,weakly_positive,
02-05-2024,weakly_positive,weakly_positive,
02-06-2020,weakly_positive,,
02-06-2021,weakly_positive,,
02-06-2022,weakly_positive,,
02-06-2023,weakly_positive,,
02-06-2024,weakly_positive,weakly_positive,
02-07-2019,weakly_positive,,
02-07-2020,weakly_positive,,
02-07-2021,weakly_positive,,
02-07-2023,weakly_positive,,
02-07-2024,weakly_positive,,
02-08-2020,weakly_positive,,
02-08-2021,weakly_positive,weakly_positive,
02-08-2022,weakly_positive,,
02-08-2023,weakly_positive,neutral,
02-08-2024,weakly_positive,,
02-09-2020,weakly_positive,,
02-09-2021,weakly_positive,,
02-09-2022,weakly_positive,,
02-09-2023,weakly_positive,,
02-09-2024,weakly_positive,,
02-10-2019,strongly_positive,,
02-10-2021,weakly_positive,,
02-10-2022,weakly_positive,,
02-10-2023,weakly_positive,,
02-10-2024,weakly_positive,neutral,
02-11-2019,weakly_positive,,
02-11-2020,weakly_positive,,
02-11-2021,neutral,,
02-11-2022,weakly_positive,neutral,
02-11-2023,weakly_positive,weakly_positive,
02-11-2024,weakly_positive,,
02-12-2019,weakly_positive,,
02-12-2020,weakly_positive,,
02-12-2021,weakly_negative,,
02-12-2022,weakly_positive,,
02-12-2023,weakly_positive,,
02-12-2024,weakly_positive,,
03-01-2019,weakly_positive,weakly_positive,
03-01-2020,neutral,,
03-01-2022,weakly_positive,,
03-01-2023,weakly_positive,neutral,
03-01-2024,weakly_positive,,
03-01-2025,weakly_positive,,strongly_positive
03-02-2021,weakly_positive,neutral,
03-02-2022,weakly_positive,,
03-02-2023,weakly_positive,,
03-02-2024,weakly_positive,,
03-02-2025,weakly_positive,weakly_positive,strongly_positive
03-03-2020,weakly_positive,,
03-03-2021,neutral,,
03-03-2022,weakly_positive,,
03-03-2023,weakly_positive,,
03-03-2024,weakly_positive,,
03-03-2025,weakly_positive,weakly_positive,strongly_positive
03-04-2019,weakly_positive,,
03-04-2020,weakly_positive,,
03-04-2022,weakly_positive,,
03-04-2023,weakly_positive,,
03-04-2024,weakly_positive,,
03-05-2021,neutral,,
03-05-2022,weakly_positive,,
03-05-2023,weakly_positive,neutral,
03-05-2024,weakly_positive,,
03-06-2019,neutral,,
03-06-2020,weakly_positive,weakly_positive,
03-06-2021,weakly_positive,,
03-06-2022,weakly_positive,,
03-06-2023,weakly_positive,,
03-06-2024,weakly_positive,weakly_positive,
03-07-2019,weakly_positive,,
03-07-2021,weakly_positive,,
03-07-2022,neutral,,
03-07-2023,weakly_positive,,
03-07-2024,weakly_positive,,
03-08-2019,weakly_positive,,
03-08-2020,weakly_positive,,
03-08-2021,weakly_positive,,
03-08-2022,weakly_positive,,
03-08-2023,weakly_positive,,
03-08-2024,weakly_negative,,
03-09-2019,weakly_negative,,
03-09-2020,weakly_positive,,
03-09-2021,weakly_positive,,
03-09-2022,weakly_positive,,
03-09-2023,weakly_positive,,
03-09-2024,weakly_positive,neutral,
03-10-2019,weakly_positive,,
03-10-2021,weakly_positive,,
03-10-2022,weakly_positive,,
03-10-2023,weakly_positive,,
03-10-2024,weakly_positive,,
03-11-2020,neutral,,
03-11-2021,weakly_positive,neutral,
03-11-2022,weakly_positive,,
03-11-2023,weakly_positive,,
03-11-2024,weakly_positive,,
03-12-2019,weakly_positive,,
03-12-2020,weakly_positive,,
03-12-2021,neutral,,
03-12-2022,weakly_positive,,
03-12-2023,weakly_positive,,
03-12-2024,weakly_positive,weakly_positive,
04-01-2020,weakly_positive,,
04-01-2021,weakly_positive,,
04-01-2022,weakly_positive,,
04-01-2023,weakly_positive,,
04-01-2024,weakly_positive,,
04-01-2025,weakly_positive,,weakly_positive
04-02-2020,neutral,,
04-02-2021,neutral,,
04-02-2022,weakly_positive,,
04-02-2023,weakly_positive,,
04-02-2024,weakly_positive,,
04-02-2025,weakly_positive,weakly_positive,strongly_positive
04-03-2020,weakly_positive,,
04-03-2021,weakly_positive,,
04-03-2022,weakly_positive,,
04-03-2023,weakly_positive,,
04-03-2024,weakly_positive,,
04-03-2025,weakly_positive,weakly_positive,strongly_positive
04-04-2022,weakly_positive,,
04-04-2023,neutral,,
04-04-2024,weakly_positive,,
04-05-2020,neutral,,
04-05-2021,weakly_positive,,
04-05-2022,weakly_positive,neutral,
04-05-2023,weakly_positive,weakly_positive,
04-05-2024,weakly_positive,,
04-06-2019,weakly_positive,,
04-06-2020,weakly_positive,,
04-06-2021,weakly_positive,,
04-06-2022,neutral,,
04-06-2023,weakly_positive,,
04-06-2024,weakly_positive,weakly_positive,
04-07-2020,weakly_positive,,
04-07-2022,weakly_negative,,
04-07-2023,weakly_positive,,
04-07-2024,weakly_positive,,
04-08-2019,neutral,,
04-08-2020,weakly_positive,weakly_positive,
04-08-2021,neutral,neutral,
04-08-2022,weakly_positive,,
04-08-2023,weakly_positive,,
04-08-2024,weakly_positive,,
04-09-2019,weakly_positive,neutral,
04-09-2020,weakly_positive,,
04-09-2021,weakly_positive,,
04-09-2022,neutral,,
04-09-2023,weakly_positive,,
04-09-2024,weakly_positive,strongly_positive,
04-10-2019,weakly_positive,,
04-10-2021,weakly_positive,,
04-10-2022,neutral,,
04-10-2023,weakly_positive,,
04-10-2024,weakly_positive,,
04-11-2019,neutral,,
04-11-2020,neutral,,
04-11-2021,weakly_positive,,
04-11-2023,weakly_positive,,
04-11-2024,weakly_positive,weakly_positive,
04-12-2019,weakly_positive,,
04-12-2020,weakly_positive,,
04-12-2021,weakly_positive,,
04-12-2022,weakly_positive,,
04-12-2023,weakly_positive,,
04-12-2024,weakly_positive,,strongly_positive
05-01-2020,weakly_positive,,
05-01-2021,weakly_positive,,
05-01-2022,neutral,,
05-01-2023,weakly_positive,,
05-01-2024,weakly_positive,,
05-01-2025,weakly_positive,,weakly_positive
05-02-2020,weakly_positive,,
05-02-2021,weakly_negative,,
05-02-2022,weakly_positive,,
05-02-2023,weakly_negative,,
05-02-2024,weakly_positive,,
05-02-2025,weakly_positive,weakly_positive,strongly_positive
05-03-2020,strongly_positive,,
05-03-2021,weakly_positive,,
05-03-2022,weakly_negative,,
05-03-2023,weakly_positive,,
05-03-2024,weakly_positive,,
05-04-2021,weakly_positive,,
05-04-2022,weakly_negative,,
05-04-2023,weakly_positive,,
05-04-2024,weakly_positive,,
05-05-2019,weakly_positive,,
05-05-2020,weakly_positive,,
05-05-2021,neutral,neutral,
05-05-2022,weakly_positive,,
05-05-2023,weakly_positive,,
05-05-2024,weakly_positive,,
05-06-2019,weakly_positive,,
05-06-2020,weakly_positive,,
05-06-2021,weakly_positive,,
05-06-2022,weakly_positive,,
05-06-2023,weakly_positive,,
05-06-2024,weakly_positive,,
05-07-2019,weakly_positive,,
05-07-2020,weakly_positive,,
05-07-2021,weakly_positive,,
05-07-2022,weakly_positive,,
05-07-2023,weakly_positive,,
05-07-2024,weakly_positive,,
05-08-2019,weakly_positive,,
05-08-2020,neutral,,
05-08-2021,strongly_positive,,
05-08-2022,weakly_positive,,
05-08-2023,weakly_positive,,
05-08-2024,weakly_positive,weakly_positive,
05-09-2019,neutral,,
05-09-2021,weakly_positive,,
05-09-2022,weakly_positive,,
05-09-2023,weakly_positive,,
05-09-2024,weakly_positive,,
05-10-2020,weakly_positive,weakly_positive,
05-10-2021,weakly_positive,,
05-10-2022,weakly_positive,,
05-10-2023,weakly_positive,,
05-10-2024,weakly_positive,,
05-11-2019,weakly_positive,weakly_positive,
05-11-2020,weakly_positive,,
05-11-2021,weakly_positive,,
05-11-2022,weakly_positive,,
05-11-2023,weakly_negative,,
05-11-2024,weakly_positive,,
05-12-2019,neutral,,
05-12-2021,weakly_positive,,
05-12-2022,weakly_positive,,
05-12-2023,weakly_positive,,
05-12-2024,weakly_positive,weakly_positive,strongly_positive
06-01-2020,weakly_positive,,
06-01-2021,weakly_positive,,
06-01-2022,weakly_positive,weakly_positive,
06-01-2023,weakly_positive,,
06-01-2024,weakly_positive,,
06-01-2025,weakly_positive,weakly_positive,weakly_positive
06-02-2018,weakly_positive,weakly_positive,
06-02-2020,neutral,,
06-02-2021,weakly_positive,,
06-02-2023,weakly_positive,,
06-02-2024,weakly_positive,strongly_positive,
06-02-2025,weakly_positive,,strongly_positive
06-03-2020,weakly_positive,,
06-03-2021,weakly_positive,,
06-03-2022,weakly_positive,,
06-03-2023,weakly_positive,,
06-03-2024,weakly_positive,,
06-04-2019,neutral,,
06-04-2020,weakly_negative,,
06-04-2021,weakly_positive,,
06-04-2022,weakly_positive,,
06-04-2023,weakly_positive,,
06-04-2024,weakly_positive,,
06-05-2020,weakly_positive,,
06-05-2021,weakly_positive,,
06-05-2022,weakly_negative,weakly_negative,
06-05-2023,weakly_positive,,
06-05-2024,weakly_positive,weakly_positive,
06-06-2019,weakly_negative,,
06-06-2020,weakly_positive,,
06-06-2021,weakly_positive,,
06-06-2022,weakly_positive,,
06-06-2023,weakly_positive,,
06-06-2024,weakly_positive,,
06-07-2019,weakly_positive,,
06-07-2020,weakly_positive,,
06-07-2021,weakly_positive,weakly_positive,
06-07-2022,neutral,,
06-07-2023,weakly_positive,,
06-07-2024,weakly_positive,,
06-08-2020,weakly_positive,,
06-08-2021,weakly_positive,,
06-08-2023,weakly_positive,,
06-08-2024,weakly_positive,weakly_negative,
06-09-2019,weakly_positive,,
06-09-2021,weakly_positive,,
06-09-2022,weakly_positive,,
06-09-2023,weakly_positive,,
06-09-2024,weakly_positive,weakly_positive,
06-10-2020,weakly_positive,,
06-10-2021,weakly_positive,,
06-10-2022,weakly_positive,,
06-10-2023,weakly_positive,,
06-10-2024,weakly_positive,,
06-11-2019,weakly_positive,weakly_positive,
06-11-2020,neutral,,
06-11-2021,weakly_positive,,
06-11-2022,weakly_positive,,
06-11-2023,weakly_positive,,
06-11-2024,weakly_positive,,
06-12-2019,weakly_positive,,
06-12-2020,strongly_positive,,
06-12-2021,weakly_positive,,
06-12-2022,weakly_positive,,
06-12-2023,weakly_positive,,
06-12-2024,weakly_positive,,strongly_positive
07-01-2019,weakly_positive,weakly_positive,
07-01-2020,weakly_positive,,
07-01-2021,weakly_positive,,
07-01-2022,weakly_positive,,
07-01-2023,weakly_positive,,
07-01-2024,weakly_positive,,
07-01-2025,weakly_positive,weakly_positive,strongly_positive
07-02-2020,neutral,,
07-02-2021,weakly_positive,,
07-02-2022,weakly_positive,,
07-02-2023,weakly_positive,,
07-02-2024,weakly_positive,,
07-02-2025,weakly_positive,,strongly_positive
07-03-2022,weakly_positive,,
07-03-2023,weakly_positive,,
07-03-2024,weakly_positive,weakly_positive,
07-04-2020,weakly_negative,,
07-04-2021,weakly_positive,,
07-04-2022,weakly_positive,,
07-04-2023,weakly_positive,,
07-04-2024,weakly_positive,,
07-05-2021,weakly_positive,,
07-05-2022,neutral,,
07-05-2023,weakly_positive,,
07-05-2024,weakly_positive,weakly_positive,
07-06-2019,weakly_positive,,
07-06-2021,weakly_positive,,
07-06-2022,weakly_positive,,
07-06-2023,weakly_positive,,
07-06-2024,weakly_positive,,
07-07-2020,weakly_positive,,
07-07-2021,weakly_positive,,
07-07-2022,weakly_positive,,
07-07-2023,weakly_positive,,
07-07-2024,weakly_positive,,
07-08-2019,neutral,,
07-08-2020,neutral,,
07-08-2021,strongly_positive,,
07-08-2022,weakly_positive,,
07-08-2023,weakly_positive,,
07-08-2024,weakly_positive,weakly_negative,
07-09-2021,weakly_positive,,
07-09-2022,weakly_positive,,
07-09-2023,weakly_positive,,
07-09-2024,weakly_positive,,
07-10-2019,weakly_positive,,
07-10-2020,weakly_positive,weakly_positive,
07-10-2021,weakly_positive,,
07-10-2022,neutral,,
07-10-2023,weakly_positive,,
07-10-2024,weakly_positive,,
07-11-2019,weakly_positive,,
07-11-2021,weakly_positive,,
07-11-2022,weakly_negative,,
07-11-2023,weakly_positive,weakly_positive,
07-11-2024,weakly_positive,neutral,
07-12-2020,weakly_positive,,
07-12-2021,weakly_positive,,
07-12-2022,neutral,,
07-12-2023,weakly_positive,,
07-12-2024,weakly_positive,,strongly_positive
08-01-2020,weakly_positive,,
08-01-2021,weakly_positive,,
08-01-2022,neutral,,
08-01-2023,weakly_positive,,
08-01-2024,weakly_positive,weakly_positive,
08-01-2025,weakly_positive,weakly_positive,strongly_positive
08-02-2022,neutral,neutral,
08-02-2023,neutral,,
08-02-2024,weakly_positive,,
08-02-2025,weakly_positive,,strongly_positive
08-03-2019,neutral,,
08-03-2021,strongly_negative,,
08-03-2022,weakly_positive,neutral,
08-03-2023,weakly_positive,,
08-03-2024,weakly_positive,,
08-04-2019,weakly_positive,,
08-04-2020,weakly_positive,,
08-04-2022,weakly_positive,,
08-04-2023,weakly_positive,,
08-04-2024,weakly_positive,,
08-05-2019,neutral,,
08-05-2020,weakly_positive,,
08-05-2022,weakly_positive,,
08-05-2023,weakly_positive,weakly_positive,
08-05-2024,weakly_positive,neutral,
08-06-2020,weakly_positive,,
08-06-2021,weakly_positive,,
08-06-2022,weakly_positive,,
08-06-2023,weakly_positive,neutral,
08-06-2024,weakly_positive,,
08-07-2019,weakly_negative,,
08-07-2020,weakly_positive,,
08-07-2021,weakly_positive,,
08-07-2022,neutral,,
08-07-2023,weakly_positive,,
08-07-2024,weakly_positive,,
08-08-2019,neutral,,
08-08-2022,weakly_negative,neutral,
08-08-2023,weakly_positive,weakly_positive,
08-08-2024,neutral,weakly_negative,
08-09-2020,neutral,,
08-09-2021,weakly_positive,,
08-09-2022,neutral,,
08-09-2023,weakly_positive,weakly_positive,
08-09-2024,weakly_positive,,
08-10-2019,weakly_positive,,
08-10-2020,weakly_positive,weakly_positive,
08-10-2021,weakly_positive,,
08-10-2022,weakly_negative,,
08-10-2023,weakly_positive,,
08-10-2024,weakly_positive,weakly_positive,
08-11-2019,weakly_positive,,
08-11-2021,weakly_positive,,
08-11-2022,weakly_positive,,
08-11-2023,weakly_positive,,
08-11-2024,weakly_positive,,
08-12-2019,weakly_positive,,
08-12-2020,weakly_positive,,
08-12-2021,weakly_positive,,
08-12-2022,weakly_positive,,
08-12-2023,weakly_positive,,
08-12-2024,weakly_positive,,strongly_positive
09-01-2020,weakly_positive,,
09-01-2021,neutral,neutral,
09-01-2022,weakly_positive,,
09-01-2023,weakly_positive,,
09-01-2024,weakly_positive,,
09-01-2025,weakly_positive,,strongly_positive
09-02-2020,weakly_positive,,
09-02-2021,neutral,,
09-02-2022,weakly_positive,,
09-02-2023,weakly_positive,,
09-02-2024,weakly_positive,,
09-02-2025,weakly_positive,,strongly_positive
09-03-2021,weakly_positive,neutral,
09-03-2022,neutral,,
09-03-2023,weakly_positive,,
09-03-2024,weakly_positive,,
09-04-2020,weakly_negative,,
09-04-2021,weakly_positive,,
09-04-2022,weakly_positive,,
09-04-2023,weakly_positive,,
09-04-2024,weakly_positive,weakly_positive,
09-05-2019,weakly_negative,,
09-05-2020,weakly_positive,,
09-05-2021,weakly_positive,,
09-05-2022,neutral,,
09-05-2023,weakly_positive,,
09-05-2024,weakly_positive,,
09-06-2019,neutral,,
09-06-2020,weakly_positive,,
09-06-2021,weakly_positive,,
09-06-2022,weakly_positive,,
09-06-2023,weakly_positive,,
09-06-2024,neutral,,
09-07-2019,weakly_negative,,
09-07-2020,weakly_positive,,
09-07-2021,weakly_positive,,
09-07-2022,weakly_positive,,
09-07-2024,weakly_positive,,
09-08-2019,weakly_positive,,
09-08-2021,weakly_positive,,
09-08-2022,weakly_negative,neutral,
09-08-2023,weakly_positive,,
09-08-2024,weakly_positive,weakly_negative,
09-09-2019,weakly_positive,,
09-09-2020,weakly_positive,,
09-09-2021,weakly_positive,,
09-09-2022,weakly_positive,,
09-09-2023,weakly_positive,,
09-09-2024,weakly_positive,,
09-10-2019,weakly_positive,,
09-10-2020,weakly_positive,,
09-10-2021,neutral,,
09-10-2022,weakly_positive,,
09-10-2023,weakly_positive,,
09-10-2024,weakly_positive,,
09-11-2020,neutral,weakly_negative,
09-11-2021,weakly_positive,weakly_positive,
09-11-2022,weakly_positive,,
09-11-2023,weakly_positive,,
09-11-2024,weakly_positive,,
09-12-2019,neutral,,
09-12-2020,weakly_positive,,
09-12-2021,weakly_positive,,
09-12-2022,weakly_positive,,
09-12-2023,weakly_positive,,
09-12-2024,neutral,,strongly_positive
10-01-2020,weakly_positive,,
10-01-2022,neutral,,
10-01-2023,weakly_positive,,
10-01-2024,weakly_positive,,
10-01-2025,weakly_positive,,strongly_positive
10-02-2020,weakly_positive,,
10-02-2021,weakly_positive,,
10-02-2022,neutral,,
10-02-2023,weakly_positive,,
10-02-2024,weakly_positive,,
10-02-2025,weakly_positive,,strongly_positive
10-03-2019,neutral,,
10-03-2020,weakly_positive,,
10-03-2021,weakly_positive,,
10-03-2022,weakly_positive,,
10-03-2023,neutral,,
10-03-2024,weakly_positive,,
10-04-2021,weakly_positive,,
10-04-2022,weakly_positive,,
10-04-2023,weakly_positive,,
10-04-2024,weakly_positive,,
10-05-2019,weakly_positive,,
10-05-2021,weakly_negative,,
10-05-2022,weakly_positive,,
10-05-2023,weakly_positive,,
10-05-2024,weakly_positive,,
10-06-2019,weakly_negative,,
10-06-2020,weakly_positive,,
10-06-2021,weakly_positive,,
10-06-2022,weakly_positive,,
10-06-2023,weakly_positive,,
10-06-2024,weakly_positive,weakly_positive,
10-07-2019,weakly_positive,,
10-07-2020,weakly_positive,,
10-07-2021,neutral,,
10-07-2022,weakly_positive,,
10-07-2023,weakly_positive,,
10-07-2024,weakly_positive,,
10-08-2020,weakly_negative,,
10-08-2021,weakly_positive,neutral,
10-08-2022,weakly_negative,,
10-08-2023,weakly_positive,weakly_positive,
10-08-2024,weakly_positive,weakly_negative,
10-09-2019,weakly_positive,,
10-09-2020,neutral,neutral,
10-09-2021,weakly_positive,,
10-09-2022,weakly_positive,,
10-09-2023,weakly_positive,,
10-09-2024,weakly_positive,,
10-10-2019,weakly_positive,,
10-10-2020,weakly_positive,,
10-10-2022,neutral,,
10-10-2023,weakly_positive,,
10-10-2024,weakly_positive,weakly_positive,
10-11-2019,weakly_positive,,
10-11-2020,weakly_positive,,
10-11-2021,weakly_positive,,
10-11-2022,weakly_positive,,
10-11-2023,weakly_positive,,
10-11-2024,weakly_positive,,
10-12-2019,weakly_positive,,
10-12-2020,neutral,,
10-12-2021,weakly_positive,,
10-12-2023,weakly_positive,,
10-12-2024,weakly_positive,weakly_positive,strongly_positive
11-01-2020,weakly_positive,,
11-01-2021,weakly_positive,,
11-01-2022,weakly_positive,,
11-01-2023,weakly_positive,,
11-01-2024,weakly_positive,,
11-01-2025,weakly_positive,,strongly_positive
11-02-2020,weakly_positive,,
11-02-2021,weakly_positive,,
11-02-2022,neutral,,
11-02-2024,weakly_positive,,
11-02-2025,weakly_positive,weakly_positive,strongly_positive
11-03-2019,neutral,,
11-03-2020,neutral,,
11-03-2021,weakly_positive,,
11-03-2022,neutral,,
11-03-2024,weakly_positive,,
11-04-2021,neutral,,
11-04-2022,neutral,,
11-04-2023,weakly_positive,,
11-04-2024,weakly_positive,,
11-05-2019,weakly_positive,,
11-05-2020,weakly_positive,,
11-05-2021,weakly_positive,neutral,
11-05-2022,weakly_positive,,
11-05-2023,weakly_positive,,
11-05-2024,weakly_positive,,
11-06-2019,weakly_negative,,
11-06-2020,weakly_positive,,
11-06-2021,weakly_positive,,
11-06-2022,weakly_positive,,
11-06-2023,weakly_positive,,
11-06-2024,weakly_positive,,
11-07-2019,weakly_negative,,
11-07-2021,weakly_positive,,
11-07-2022,weakly_positive,,
11-07-2023,weakly_positive,weakly_positive,
11-07-2024,weakly_positive,weakly_positive,
11-08-2019,weakly_positive,,
11-08-2020,weakly_positive,weakly_positive,
11-08-2021,weakly_positive,,
11-08-2022,weakly_positive,,
11-08-2023,weakly_positive,,
11-08-2024,weakly_positive,weakly_positive,
11-09-2019,weakly_positive,,
11-09-2020,weakly_positive,,
11-09-2022,weakly_positive,,
11-09-2023,weakly_positive,,
11-09-2024,weakly_positive,,
11-10-2019,weakly_negative,,
11-10-2020,weakly_positive,,
11-10-2021,weakly_positive,,
11-10-2022,weakly_positive,,
11-10-2023,weakly_positive,,
11-10-2024,weakly_positive,,
11-11-2019,weakly_positive,,
11-11-2020,weakly_positive,,
11-11-2021,weakly_positive,,
11-11-2022,weakly_positive,,
11-11-2023,weakly_positive,,
11-11-2024,weakly_positive,neutral,
11-12-2019,weakly_positive,,
11-12-2020,strongly_positive,,
11-12-2021,weakly_positive,,
11-12-2023,weakly_positive,,
11-12-2024,weakly_positive,,strongly_positive
12-01-2021,weakly_positive,,
12-01-2022,weakly_positive,,
12-01-2023,weakly_positive,,
12-01-2024,weakly_positive,,
12-01-2025,weakly_positive,,strongly_positive
12-02-2020,weakly_positive,,
12-02-2021,weakly_positive,,
12-02-2022,weakly_positive,,
12-02-2023,weakly_positive,,
12-02-2024,weakly_positive,,
12-02-2025,weakly_positive,weakly_positive,strongly_positive
12-03-2019,neutral,,
12-03-2020,weakly_negative,,
12-03-2021,weakly_positive,,
12-03-2022,weakly_positive,,
12-03-2023,weakly_positive,,
12-03-2024,weakly_positive,weakly_positive,
12-04-2021,weakly_positive,weakly_positive,
12-04-2022,weakly_positive,,
12-04-2023,weakly_positive,weakly_positive,
12-04-2024,weakly_positive,,
12-05-2020,weakly_positive,,
12-05-2022,weakly_positive,,
12-05-2023,weakly_positive,,
12-05-2024,weakly_positive,,
12-06-2019,strongly_positive,,
12-06-2020,weakly_positive,,
12-06-2021,weakly_negative,,
12-06-2023,weakly_positive,strongly_positive,
12-06-2024,weakly_positive,neutral,
12-07-2019,weakly_positive,,
12-07-2020,weakly_positive,,
12-07-2022,weakly_positive,weakly_positive,
12-07-2023,weakly_positive,weakly_positive,
12-07-2024,weakly_positive,,
12-08-2019,weakly_negative,,
12-08-2020,weakly_positive,,
12-08-2021,weakly_positive,weakly_positive,
12-08-2022,weakly_positive,,
12-08-2023,neutral,,
12-08-2024,weakly_positive,weakly_negative,
12-09-2019,weakly_positive,,
12-09-2020,weakly_positive,,
12-09-2021,weakly_negative,,
12-09-2022,weakly_positive,,
12-09-2023,weakly_positive,weakly_positive,
12-09-2024,weakly_positive,neutral,
12-10-2019,neutral,,
12-10-2020,weakly_positive,,
12-10-2021,weakly_positive,,
12-10-2022,weakly_positive,,
12-10-2023,weakly_positive,,
12-10-2024,weakly_positive,,
12-11-2019,weakly_positive,,
12-11-2021,weakly_positive,,
12-11-2023,weakly_positive,,
12-11-2024,weakly_positive,weakly_positive,
12-12-2019,weakly_positive,,
12-12-2021,weakly_positive,,
12-12-2022,weakly_positive,,
12-12-2023,weakly_positive,weakly_positive,
12-12-2024,weakly_positive,,strongly_positive
13-01-2020,weakly_positive,,
13-01-2021,weakly_positive,,
13-01-2022,weakly_positive,,
13-01-2023,neutral,,
13-01-2024,weakly_positive,,
13-01-2025,weakly_positive,neutral,strongly_positive
13-02-2019,weakly_positive,weakly_positive,
13-02-2020,weakly_positive,,
13-02-2021,neutral,,
13-02-2022,weakly_positive,,
13-02-2023,weakly_positive,,
13-02-2024,weakly_positive,,
13-02-2025,weakly_positive,,strongly_positive
13-03-2020,neutral,,
13-03-2021,weakly_positive,,
13-03-2022,weakly_positive,,
13-03-2023,weakly_positive,,
13-03-2024,weakly_positive,,
13-04-2019,weakly_positive,,
13-04-2020,weakly_negative,,
13-04-2021,weakly_positive,,
13-04-2022,weakly_positive,,
13-04-2023,weakly_positive,,
13-04-2024,weakly_positive,,
13-05-2019,weakly_negative,,
13-05-2020,weakly_positive,,
13-05-2021,weakly_positive,,
13-05-2022,neutral,,
13-05-2023,weakly_positive,,
13-05-2024,weakly_positive,weakly_positive,
13-06-2019,weakly_negative,,
13-06-2022,weakly_positive,,
13-06-2023,weakly_positive,,
13-06-2024,weakly_positive,weakly_positive,
13-07-2020,weakly_positive,neutral,
13-07-2021,weakly_positive,,
13-07-2022,weakly_positive,,
13-07-2023,weakly_positive,,
13-07-2024,weakly_positive,,
13-08-2019,weakly_positive,,
13-08-2020,weakly_positive,,
13-08-2021,weakly_positive,,
13-08-2022,neutral,,
13-08-2023,weakly_positive,,
13-08-2024,weakly_positive,neutral,
13-09-2019,neutral,,
13-09-2020,weakly_positive,weakly_positive,
13-09-2021,neutral,,
13-09-2022,weakly_positive,,
13-09-2023,weakly_positive,,
13-09-2024,weakly_positive,,
13-10-2019,weakly_positive,,
13-10-2020,weakly_positive,,
13-10-2021,weakly_positive,,
13-10-2022,weakly_positive,,
13-10-2023,weakly_positive,,
13-10-2024,weakly_positive,,
13-11-2019,weakly_positive,,
13-11-2020,weakly_positive,,
13-11-2021,weakly_positive,,
13-11-2022,weakly_positive,,
13-11-2023,weakly_positive,weakly_positive,
13-11-2024,weakly_positive,weakly_positive,
13-12-2019,weakly_positive,,
13-12-2020,weakly_positive,,
13-12-2021,weakly_positive,,
13-12-2022,weakly_positive,,
13-12-2023,weakly_positive,,
13-12-2024,weakly_positive,,strongly_positive
14-01-2020,weakly_positive,,
14-01-2021,weakly_positive,,
14-01-2022,weakly_positive,,
14-01-2023,weakly_positive,,
14-01-2024,weakly_positive,,
14-01-2025,weakly_positive,,strongly_positive
14-02-2020,weakly_positive,,
14-02-2021,weakly_positive,,
14-02-2022,weakly_positive,weakly_positive,
14-02-2023,weakly_positive,,
14-02-2024,weakly_positive,,
14-02-2025,weakly_positive,,strongly_positive
14-03-2019,weakly_positive,,
14-03-2020,weakly_positive,,
14-03-2021,weakly_positive,,
14-03-2022,neutral,,
14-03-2023,weakly_positive,,
14-03-2024,weakly_positive,weakly_positive,
14-04-2021,weakly_positive,,
14-04-2022,weakly_positive,,
14-04-2023,weakly_positive,,
14-04-2024,weakly_positive,,
14-05-2019,weakly_negative,,
14-05-2020,weakly_positive,weakly_positive,
14-05-2021,weakly_positive,,
14-05-2022,weakly_positive,,
14-05-2023,weakly_positive,,
14-05-2024,weakly_positive,,
14-06-2019,weakly_negative,,
14-06-2021,weakly_positive,,
14-06-2022,weakly_positive,,
14-06-2023,weakly_positive,,
14-06-2024,weakly_positive,,
14-07-2020,weakly_positive,,
14-07-2021,weakly_positive,,
14-07-2022,neutral,,
14-07-2023,weakly_positive,,
14-07-2024,weakly_positive,,
14-08-2019,weakly_positive,,
14-08-2020,weakly_positive,,
14-08-2021,weakly_positive,,
14-08-2022,neutral,,
14-08-2023,weakly_positive,,
14-08-2024,weakly_positive,weakly_negative,
14-09-2019,neutral,,
14-09-2020,weakly_positive,weakly_positive,
14-09-2021,weakly_positive,,
14-09-2022,neutral,,
14-09-2023,weakly_positive,,
14-09-2024,weakly_positive,,
14-10-2019,neutral,,
14-10-2020,weakly_positive,weakly_positive,
14-10-2021,weakly_positive,,
14-10-2022,weakly_negative,,
14-10-2023,weakly_positive,,
14-10-2024,weakly_positive,,
14-11-2019,weakly_positive,,
14-11-2021,weakly_positive,,
14-11-2022,neutral,weakly_positive,
14-11-2023,weakly_positive,weakly_positive,
14-11-2024,weakly_positive,weakly_positive,
14-12-2019,neutral,,
14-12-2020,weakly_positive,,
14-12-2021,weakly_positive,,
14-12-2022,weakly_positive,,
14-12-2023,weakly_positive,,
14-12-2024,weakly_positive,,weakly_positive
15-01-2019,neutral,neutral,
15-01-2020,neutral,,
15-01-2021,weakly_positive,,
15-01-2022,strongly_positive,,
15-01-2023,weakly_positive,,
15-01-2024,weakly_positive,,
15-01-2025,weakly_positive,weakly_positive,strongly_positive
15-02-2019,weakly_positive,weakly_positive,
15-02-2022,weakly_positive,,
15-02-2023,weakly_positive,,
15-02-2024,weakly_positive,,
15-02-2025,weakly_positive,,strongly_positive
15-03-2019,weakly_positive,,
15-03-2020,neutral,,
15-03-2021,weakly_positive,,
15-03-2022,weakly_positive,,
15-03-2023,weakly_positive,,
15-03-2024,weakly_positive,neutral,
15-04-2019,weakly_positive,,
15-04-2020,neutral,,
15-04-2021,weakly_positive,,
15-04-2022,weakly_negative,,
15-04-2023,strongly_positive,,
15-04-2024,weakly_positive,,
15-05-2019,weakly_negative,,
15-05-2020,weakly_positive,,
15-05-2023,weakly_positive,weakly_positive,
15-05-2024,weakly_positive,,
15-06-2019,neutral,,
15-06-2020,weakly_negative,,
15-06-2021,weakly_positive,weakly_negative,
15-06-2022,weakly_positive,,
15-06-2023,weakly_positive,,
15-06-2024,weakly_positive,,
15-07-2019,weakly_positive,,
15-07-2020,weakly_positive,neutral,
15-07-2021,weakly_positive,,
15-07-2022,weakly_positive,,
15-07-2023,strongly_positive,,
15-07-2024,weakly_positive,,
15-08-2019,weakly_positive,,
15-08-2020,neutral,,
15-08-2021,weakly_positive,,
15-08-2022,neutral,weakly_positive,
15-08-2023,weakly_positive,,
15-08-2024,weakly_positive,weakly_negative,
15-09-2020,weakly_positive,,
15-09-2021,weakly_positive,,
15-09-2022,weakly_positive,,
15-09-2023,weakly_positive,,
15-09-2024,weakly_positive,,
15-10-2019,weakly_positive,,
15-10-2020,neutral,neutral,
15-10-2021,weakly_positive,,
15-10-2022,weakly_negative,,
15-10-2023,weakly_positive,,
15-10-2024,weakly_positive,weakly_positive,
15-11-2019,weakly_positive,,
15-11-2020,neutral,,
15-11-2021,weakly_positive,weakly_positive,
15-11-2022,weakly_positive,,
15-11-2023,weakly_positive,neutral,
15-11-2024,weakly_positive,,
15-12-2019,weakly_positive,,
15-12-2020,weakly_positive,,
15-12-2021,weakly_positive,,
15-12-2022,weakly_positive,,
15-12-2023,weakly_positive,,
15-12-2024,weakly_positive,,neutral
16-01-2021,neutral,,
16-01-2022,strongly_positive,,
16-01-2023,weakly_positive,,
16-01-2024,weakly_positive,,
16-01-2025,weakly_positive,weakly_positive,strongly_positive
16-02-2021,neutral,,
16-02-2022,weakly_positive,weakly_positive,
16-02-2023,weakly_positive,,
16-02-2024,weakly_positive,,
16-02-2025,weakly_positive,,strongly_positive
16-03-2020,weakly_positive,,
16-03-2021,neutral,,
16-03-2022,weakly_positive,,
16-03-2023,weakly_positive,neutral,
16-03-2024,weakly_positive,,
16-04-2020,weakly_positive,strongly_positive,
16-04-2021,weakly_positive,,
16-04-2022,weakly_positive,,
16-04-2023,weakly_positive,,
16-04-2024,weakly_positive,,
16-05-2019,weakly_positive,,
16-05-2021,weakly_positive,,
16-05-2022,neutral,,
16-05-2023,weakly_positive,,
16-05-2024,weakly_positive,weakly_positive,
16-06-2020,weakly_positive,,
16-06-2021,weakly_positive,,
16-06-2022,neutral,,
16-06-2023,weakly_positive,,
16-06-2024,weakly_positive,,
16-07-2019,strongly_positive,,
16-07-2021,weakly_positive,,
16-07-2022,weakly_negative,,
16-07-2023,weakly_positive,,
16-07-2024,weakly_positive,,
16-08-2019,weakly_positive,,
16-08-2020,neutral,,
16-08-2021,weakly_positive,,
16-08-2022,weakly_positive,strongly_positive,
16-08-2023,weakly_positive,,
16-08-2024,weakly_positive,weakly_negative,
16-09-2020,weakly_positive,,
16-09-2021,strongly_positive,,
16-09-2022,weakly_positive,,
16-09-2023,weakly_positive,,
16-09-2024,weakly_positive,,
16-10-2019,weakly_positive,,
16-10-2020,weakly_positive,weakly_positive,
16-10-2021,weakly_positive,,
16-10-2022,weakly_positive,,
16-10-2023,weakly_positive,,
16-10-2024,weakly_positive,weakly_positive,
16-11-2019,weakly_positive,,
16-11-2020,weakly_positive,weakly_positive,
16-11-2021,weakly_positive,,
16-11-2022,weakly_positive,neutral,
16-11-2023,weakly_positive,,
16-11-2024,neutral,,
16-12-2019,weakly_positive,,
16-12-2020,neutral,,
16-12-2021,weakly_positive,weakly_positive,
16-12-2022,weakly_positive,,
16-12-2023,weakly_positive,,
16-12-2024,weakly_positive,,neutral
17-01-2020,weakly_positive,,
17-01-2021,weakly_negative,,
17-01-2022,weakly_positive,,
17-01-2023,weakly_positive,,
17-01-2024,weakly_positive,,
17-01-2025,weakly_positive,,strongly_positive
17-02-2021,weakly_positive,neutral,
17-02-2022,neutral,,
17-02-2023,weakly_positive,,
17-02-2024,weakly_positive,,
17-02-2025,weakly_positive,,strongly_positive
17-03-2020,weakly_positive,,
17-03-2021,weakly_negative,,
17-03-2022,weakly_positive,,
17-03-2023,weakly_positive,,
17-03-2024,weakly_positive,,
17-04-2019,weakly_negative,,
17-04-2020,weakly_positive,,
17-04-2021,weakly_positive,,
17-04-2023,weakly_positive,,
17-04-2024,weakly_positive,,
17-05-2019,weakly_positive,,
17-05-2020,neutral,,
17-05-2021,neutral,,
17-05-2022,weakly_positive,,
17-05-2023,weakly_positive,weakly_positive,
17-05-2024,weakly_positive,,
17-06-2019,weakly_positive,,
17-06-2020,weakly_positive,,
17-06-2021,weakly_positive,,
17-06-2022,weakly_positive,,
17-06-2023,weakly_positive,,
17-06-2024,weakly_positive,weakly_positive,
17-07-2019,weakly_positive,,
17-07-2020,weakly_positive,weakly_positive,
17-07-2021,weakly_positive,,
17-07-2022,weakly_positive,,
17-07-2023,weakly_positive,,
17-07-2024,weakly_positive,,
17-08-2020,weakly_positive,neutral,
17-08-2021,weakly_positive,,
17-08-2022,neutral,,
17-08-2023,weakly_positive,,
17-08-2024,weakly_positive,weakly_negative,
17-09-2019,neutral,,
17-09-2020,weakly_positive,,
17-09-2021,neutral,,
17-09-2022,weakly_negative,,
17-09-2023,weakly_positive,,
17-09-2024,weakly_positive,weakly_positive,
17-10-2019,weakly_positive,,
17-10-2020,neutral,,
17-10-2022,weakly_positive,,
17-10-2023,weakly_positive,neutral,
17-10-2024,weakly_positive,weakly_positive,
17-11-2019,weakly_positive,,
17-11-2020,weakly_positive,,
17-11-2021,weakly_positive,neutral,
17-11-2022,weakly_positive,weakly_positive,
17-11-2023,weakly_positive,weakly_positive,
17-11-2024,weakly_positive,,
17-12-2019,weakly_positive,weakly_positive,
17-12-2020,weakly_positive,neutral,
17-12-2021,weakly_positive,,
17-12-2022,neutral,,
17-12-2023,weakly_positive,,
17-12-2024,weakly_positive,weakly_positive,neutral
18-01-2019,weakly_positive,weakly_positive,
18-01-2020,weakly_positive,,
18-01-2021,weakly_positive,,
18-01-2022,weakly_positive,,
18-01-2023,neutral,,
18-01-2024,weakly_positive,,
18-01-2025,weakly_positive,,strongly_positive
18-02-2019,weakly_positive,weakly_positive,
18-02-2020,weakly_positive,,
18-02-2021,neutral,,
18-02-2022,weakly_positive,,
18-02-2023,neutral,,
18-02-2024,weakly_positive,weakly_positive,
18-02-2025,weakly_positive,,strongly_positive
18-03-2020,weakly_negative,,
18-03-2021,strongly_positive,,
18-03-2022,weakly_positive,,
18-03-2023,weakly_positive,,
18-03-2024,weakly_positive,weakly_positive,
18-04-2020,weakly_positive,,
18-04-2021,weakly_positive,,
18-04-2022,weakly_positive,,
18-04-2023,weakly_positive,,
18-04-2024,weakly_positive,weakly_positive,
18-05-2019,neutral,,
18-05-2020,weakly_positive,,
18-05-2021,weakly_positive,,
18-05-2022,weakly_positive,,
18-05-2023,weakly_positive,neutral,
18-05-2024,weakly_positive,,
18-06-2019,weakly_positive,,
18-06-2020,weakly_positive,,
18-06-2021,weakly_positive,,
18-06-2023,weakly_positive,,
18-06-2024,weakly_positive,,
18-07-2019,weakly_positive,,
18-07-2021,weakly_positive,,
18-07-2022,weakly_positive,,
18-07-2023,weakly_positive,,
18-07-2024,weakly_positive,weakly_positive,
18-08-2020,weakly_positive,,
18-08-2021,weakly_positive,neutral,
18-08-2022,weakly_positive,,
18-08-2023,weakly_positive,,
18-08-2024,weakly_positive,weakly_negative,
18-09-2019,weakly_positive,,
18-09-2020,weakly_positive,,
18-09-2021,weakly_positive,,
18-09-2022,weakly_positive,,
18-09-2023,weakly_positive,,
18-09-2024,weakly_positive,neutral,
18-10-2019,weakly_positive,,
18-10-2021,weakly_positive,,
18-10-2022,weakly_positive,weakly_positive,
18-10-2023,weakly_positive,weakly_positive,
18-10-2024,weakly_positive,,
18-11-2019,weakly_positive,weakly_positive,
18-11-2020,weakly_positive,neutral,
18-11-2021,weakly_positive,,
18-11-2022,weakly_positive,,
18-11-2023,weakly_positive,,
18-11-2024,weakly_positive,weakly_positive,
18-12-2019,weakly_positive,,
18-12-2020,neutral,,
18-12-2021,weakly_positive,,
18-12-2022,weakly_positive,,
18-12-2023,weakly_positive,,
18-12-2024,weakly_positive,weakly_positive,weakly_positive
19-01-2021,weakly_positive,,
19-01-2022,weakly_positive,,
19-01-2023,weakly_positive,,
19-01-2024,weakly_positive,,
19-01-2025,weakly_positive,,strongly_positive
19-02-2020,weakly_positive,,
19-02-2021,weakly_positive,,
19-02-2023,weakly_positive,,
19-02-2024,weakly_positive,,
19-02-2025,weakly_positive,,strongly_positive
19-03-2019,weakly_positive,,
19-03-2020,weakly_positive,,
19-03-2022,weakly_positive,,
19-03-2023,weakly_positive,,
19-03-2024,weakly_positive,weakly_positive,
19-04-2020,neutral,,
19-04-2021,weakly_positive,,
19-04-2022,neutral,,
19-04-2023,weakly_positive,,
19-04-2024,weakly_positive,,
19-05-2020,weakly_positive,,
19-05-2021,weakly_negative,,
19-05-2022,weakly_positive,weakly_positive,
19-05-2023,weakly_positive,weakly_positive,
19-05-2024,weakly_positive,,
19-06-2019,weakly_positive,,
19-06-2020,weakly_positive,,
19-06-2021,weakly_positive,,
19-06-2022,weakly_positive,,
19-06-2023,weakly_positive,,
19-06-2024,weakly_positive,strongly_positive,
19-07-2019,weakly_positive,,
19-07-2020,weakly_negative,,
19-07-2021,weakly_positive,,
19-07-2022,weakly_positive,,
19-07-2023,weakly_positive,,
19-07-2024,weakly_positive,,
19-08-2019,weakly_positive,weakly_positive,
19-08-2020,weakly_positive,neutral,
19-08-2021,weakly_positive,neutral,
19-08-2022,weakly_negative,,
19-08-2023,weakly_positive,,
19-08-2024,weakly_positive,weakly_negative,
19-09-2019,weakly_negative,,
19-09-2021,weakly_positive,,
19-09-2022,neutral,,
19-09-2023,weakly_positive,,
19-09-2024,weakly_positive,,
19-10-2020,weakly_positive,,
19-10-2021,weakly_positive,,
19-10-2022,weakly_positive,,
19-10-2023,weakly_positive,weakly_positive,
19-10-2024,weakly_positive,,
19-11-2019,weakly_positive,,
19-11-2020,weakly_positive,,
19-11-2021,weakly_positive,,
19-11-2022,neutral,,
19-11-2023,weakly_positive,,
19-11-2024,weakly_positive,weakly_positive,
19-12-2019,weakly_positive,,
19-12-2020,weakly_positive,,
19-12-2021,weakly_positive,,
19-12-2022,weakly_negative,,
19-12-2023,weakly_positive,,
19-12-2024,weakly_positive,,weakly_positive
20-01-2021,weakly_positive,,
20-01-2022,neutral,,
20-01-2023,neutral,,
20-01-2024,weakly_positive,,
20-01-2025,weakly_positive,,strongly_positive
20-02-2020,weakly_positive,,
20-02-2023,weakly_negative,,
20-02-2024,weakly_positive,weakly_positive,
20-02-2025,weakly_positive,weakly_positive,strongly_positive
20-03-2019,weakly_positive,,
20-03-2020,weakly_positive,,
20-03-2022,weakly_negative,,
20-03-2023,weakly_positive,,
20-03-2024,weakly_positive,weakly_positive,
20-04-2020,neutral,,
20-04-2021,weakly_positive,,
20-04-2022,weakly_positive,,
20-04-2023,weakly_positive,strongly_positive,
20-04-2024,weakly_positive,,
20-05-2019,neutral,,
20-05-2020,weakly_positive,,
20-05-2021,weakly_positive,,
20-05-2022,weakly_positive,,
20-05-2023,neutral,,
20-05-2024,weakly_positive,,
20-06-2019,weakly_positive,,
20-06-2020,neutral,,
20-06-2023,weakly_positive,,
20-06-2024,weakly_positive,strongly_positive,
20-07-2020,weakly_positive,neutral,
20-07-2021,weakly_positive,weakly_positive,
20-07-2022,neutral,,
20-07-2023,weakly_positive,,
20-07-2024,weakly_positive,,
20-08-2019,weakly_positive,,
20-08-2020,weakly_positive,,
20-08-2021,neutral,,
20-08-2022,weakly_positive,,
20-08-2023,neutral,,
20-08-2024,weakly_positive,weakly_positive,
20-09-2019,weakly_negative,,
20-09-2021,weakly_positive,,
20-09-2022,weakly_positive,weakly_positive,
20-09-2023,weakly_positive,strongly_positive,
20-09-2024,weakly_positive,,
20-10-2020,weakly_positive,,
20-10-2021,strongly_positive,,
20-10-2022,weakly_positive,,
20-10-2023,weakly_positive,,
20-10-2024,weakly_positive,,
20-11-2019,weakly_positive,,
20-11-2020,weakly_positive,,
20-11-2021,strongly_positive,,
20-11-2022,weakly_positive,,
20-11-2023,weakly_positive,weakly_positive,
20-11-2024,weakly_positive,weakly_positive,
20-12-2019,weakly_positive,,
20-12-2020,weakly_negative,,
20-12-2021,weakly_positive,,
20-12-2022,neutral,,
20-12-2023,weakly_positive,,
20-12-2024,weakly_positive,,strongly_positive
21-01-2020,weakly_positive,weakly_positive,
21-01-2021,weakly_positive,,
21-01-2022,weakly_negative,,
21-01-2023,neutral,,
21-01-2024,weakly_positive,,
21-01-2025,weakly_positive,,strongly_positive
21-02-2020,weakly_positive,,
21-02-2021,weakly_positive,,
21-02-2022,weakly_positive,,
21-02-2023,weakly_positive,weakly_positive,
21-02-2024,weakly_positive,neutral,
21-02-2025,weakly_positive,,strongly_positive
21-03-2019,weakly_positive,,
21-03-2022,weakly_positive,,
21-03-2023,weakly_positive,weakly_positive,
21-03-2024,weakly_positive,,
21-04-2020,neutral,,
21-04-2021,weakly_positive,neutral,
21-04-2022,neutral,,
21-04-2023,weakly_positive,,
21-04-2024,weakly_positive,,
21-05-2019,weakly_negative,,
21-05-2020,neutral,,
21-05-2021,weakly_positive,weakly_positive,
21-05-2022,neutral,,
21-05-2023,weakly_positive,,
21-05-2024,weakly_positive,,
21-06-2019,neutral,,
21-06-2021,weakly_positive,,
21-06-2022,weakly_positive,,
21-06-2023,weakly_positive,,
21-06-2024,weakly_positive,,
21-07-2020,weakly_positive,,
21-07-2021,neutral,,
21-07-2022,weakly_positive,,
21-07-2023,weakly_positive,,
21-07-2024,weakly_positive,,
21-08-2019,weakly_positive,,
21-08-2020,weakly_positive,,
21-08-2021,weakly_positive,,
21-08-2022,neutral,,
21-08-2023,weakly_positive,,
21-08-2024,weakly_positive,weakly_positive,
21-09-2021,weakly_positive,,
21-09-2022,weakly_positive,weakly_positive,
21-09-2023,weakly_positive,,
21-09-2024,weakly_positive,,
21-10-2019,weakly_positive,weakly_positive,
21-10-2020,weakly_positive,weakly_positive,
21-10-2021,weakly_positive,weakly_positive,
21-10-2022,weakly_negative,,
21-10-2024,weakly_positive,,
21-11-2019,weakly_positive,,
21-11-2020,weakly_negative,,
21-11-2021,strongly_positive,,
21-11-2022,weakly_positive,,
21-11-2023,weakly_positive,neutral,
21-11-2024,weakly_positive,neutral,
21-12-2019,weakly_positive,,
21-12-2020,weakly_positive,,
21-12-2021,weakly_positive,,
21-12-2022,weakly_positive,,
21-12-2023,weakly_positive,,
21-12-2024,weakly_positive,,strongly_positive
22-01-2020,weakly_positive,,
22-01-2021,weakly_positive,,
22-01-2022,weakly_positive,,
22-01-2023,weakly_positive,,
22-01-2024,weakly_positive,,
22-01-2025,weakly_positive,strongly_positive,strongly_positive
22-02-2021,weakly_positive,,
22-02-2022,weakly_positive,,
22-02-2023,weakly_positive,neutral,
22-02-2024,weakly_positive,weakly_positive,
22-02-2025,weakly_positive,,strongly_positive
22-03-2019,strongly_positive,,
22-03-2022,weakly_positive,weakly_positive,
22-03-2023,weakly_positive,,
22-03-2024,weakly_positive,,
22-04-2020,weakly_positive,,
22-04-2021,strongly_positive,,
22-04-2022,weakly_positive,,
22-04-2023,weakly_positive,,
22-04-2024,weakly_positive,,
22-05-2019,neutral,,
22-05-2020,neutral,weakly_positive,
22-05-2021,weakly_positive,,
22-05-2022,weakly_negative,,
22-05-2023,weakly_positive,weakly_positive,
22-05-2024,weakly_positive,neutral,
22-06-2020,weakly_positive,weakly_negative,
22-06-2021,neutral,,
22-06-2022,weakly_positive,weakly_positive,
22-06-2023,weakly_positive,,
22-06-2024,weakly_positive,,
22-07-2019,neutral,,
22-07-2020,weakly_positive,,
22-07-2021,weakly_negative,,
22-07-2022,weakly_positive,,
22-07-2023,weakly_positive,,
22-07-2024,weakly_positive,,
22-08-2019,weakly_positive,neutral,
22-08-2020,weakly_positive,,
22-08-2021,weakly_positive,,
22-08-2022,weakly_positive,,
22-08-2023,weakly_positive,weakly_positive,
22-08-2024,weakly_positive,weakly_positive,
22-09-2021,weakly_positive,,
22-09-2022,weakly_positive,,
22-09-2023,weakly_positive,,
22-09-2024,weakly_positive,,
22-10-2019,weakly_positive,,
22-10-2020,weakly_positive,weakly_positive,
22-10-2021,weakly_positive,,
22-10-2022,neutral,,
22-10-2023,weakly_positive,,
22-10-2024,weakly_positive,neutral,
22-11-2019,weakly_positive,,
22-11-2020,neutral,,
22-11-2021,weakly_positive,,
22-11-2022,weakly_positive,,
22-11-2023,weakly_positive,neutral,
22-11-2024,weakly_positive,,
22-12-2020,weakly_positive,,
22-12-2021,neutral,,
22-12-2022,weakly_positive,,
22-12-2023,weakly_positive,,
22-12-2024,weakly_positive,,strongly_positive
23-01-2021,strongly_positive,,
23-01-2022,weakly_positive,,
23-01-2023,weakly_positive,,
23-01-2024,weakly_positive,weakly_positive,
23-01-2025,weakly_positive,weakly_positive,strongly_positive
23-02-2020,weakly_positive,,
23-02-2021,weakly_positive,,
23-02-2022,weakly_positive,,
23-02-2023,weakly_positive,,
23-02-2024,weakly_positive,,
23-02-2025,weakly_positive,,strongly_positive
23-03-2020,weakly_positive,,
23-03-2021,weakly_positive,,
23-03-2022,weakly_positive,,
23-03-2023,weakly_positive,,
23-03-2024,weakly_positive,,
23-04-2019,neutral,,
23-04-2020,weakly_positive,,
23-04-2021,weakly_positive,,
23-04-2022,weakly_positive,,
23-04-2023,weakly_positive,,
23-04-2024,weakly_positive,weakly_positive,
23-05-2019,weakly_positive,,
23-05-2020,neutral,,
23-05-2021,neutral,,
23-05-2022,weakly_positive,weakly_positive,
23-05-2023,weakly_positive,weakly_positive,
23-05-2024,weakly_positive,weakly_positive,
23-06-2020,weakly_positive,weakly_positive,
23-06-2021,weakly_positive,,
23-06-2022,weakly_positive,,
23-06-2023,weakly_positive,,
23-06-2024,weakly_positive,,
23-07-2019,weakly_positive,,
23-07-2020,weakly_positive,,
23-07-2021,weakly_positive,,
23-07-2022,weakly_positive,,
23-07-2023,weakly_positive,,
23-07-2024,weakly_positive,neutral,
23-08-2019,weakly_positive,,
23-08-2020,weakly_positive,,
23-08-2021,weakly_positive,,
23-08-2022,weakly_negative,,
23-08-2023,weakly_positive,neutral,
23-08-2024,weakly_positive,,
23-09-2019,weakly_positive,,
23-09-2021,weakly_positive,,
23-09-2022,weakly_positive,,
23-09-2023,weakly_positive,,
23-09-2024,weakly_positive,weakly_positive,
23-10-2019,weakly_positive,,
23-10-2020,neutral,,
23-10-2021,weakly_positive,,
23-10-2022,neutral,,
23-10-2023,weakly_positive,,
23-10-2024,weakly_positive,weakly_positive,
23-11-2020,weakly_positive,,
23-11-2021,neutral,,
23-11-2022,weakly_positive,,
23-11-2023,weakly_positive,,
23-11-2024,weakly_positive,,
23-12-2019,weakly_positive,,
23-12-2020,weakly_positive,,
23-12-2021,weakly_positive,,
23-12-2022,weakly_positive,,
23-12-2023,weakly_positive,,
23-12-2024,weakly_positive,neutral,strongly_positive
24-01-2020,weakly_positive,,
24-01-2022,weakly_positive,,
24-01-2023,weakly_positive,,
24-01-2024,weakly_positive,,
24-01-2025,weakly_positive,,strongly_positive
24-02-2020,weakly_positive,,
24-02-2021,weakly_positive,neutral,
24-02-2022,weakly_positive,,
24-02-2023,weakly_positive,,
24-02-2024,weakly_positive,,
24-02-2025,weakly_positive,weakly_positive,strongly_positive
24-03-2020,neutral,,
24-03-2021,weakly_negative,,
24-03-2022,weakly_positive,,
24-03-2023,weakly_positive,,
24-03-2024,weakly_positive,,
24-04-2019,neutral,,
24-04-2020,weakly_positive,,
24-04-2021,weakly_positive,,
24-04-2022,weakly_positive,,
24-04-2023,neutral,,
24-04-2024,weakly_positive,,
24-05-2019,neutral,,
24-05-2020,weakly_positive,,
24-05-2021,weakly_positive,,
24-05-2022,weakly_positive,strongly_positive,
24-05-2023,weakly_positive,neutral,
24-05-2024,weakly_positive,,
24-06-2020,weakly_positive,,
24-06-2021,weakly_positive,,
24-06-2022,weakly_positive,,
24-06-2023,weakly_positive,,
24-06-2024,weakly_positive,weakly_positive,
24-07-2019,weakly_positive,,
24-07-2020,weakly_positive,,
24-07-2021,weakly_positive,,
24-07-2022,neutral,,
24-07-2023,weakly_positive,neutral,
24-07-2024,weakly_positive,,
24-08-2019,weakly_positive,,
24-08-2020,weakly_negative,,
24-08-2021,weakly_positive,weakly_positive,
24-08-2022,neutral,neutral,
24-08-2023,weakly_positive,neutral,
24-08-2024,weakly_positive,,
24-09-2021,weakly_positive,,
24-09-2022,weakly_positive,,
24-09-2023,weakly_positive,,
24-09-2024,weakly_positive,,
24-10-2019,neutral,,
24-10-2023,weakly_positive,,
24-10-2024,weakly_positive,weakly_positive,
24-11-2021,weakly_positive,,
24-11-2022,weakly_positive,,
24-11-2023,weakly_positive,,
24-11-2024,weakly_positive,,
24-12-2018,neutral,neutral,
24-12-2019,weakly_positive,,
24-12-2020,weakly_positive,,
24-12-2021,weakly_positive,,
24-12-2023,weakly_positive,,
24-12-2024,weakly_positive,,strongly_positive
25-01-2021,weakly_positive,,
25-01-2022,neutral,,
25-01-2023,neutral,,
25-01-2024,weakly_positive,,
25-01-2025,weakly_positive,,strongly_positive
25-02-2020,neutral,,
25-02-2021,weakly_positive,,
25-02-2022,weakly_negative,,
25-02-2024,weakly_positive,strongly_positive,
25-02-2025,weakly_positive,weakly_positive,strongly_positive
25-03-2019,weakly_positive,,
25-03-2020,weakly_positive,,
25-03-2021,weakly_positive,,
25-03-2022,weakly_positive,,
25-03-2023,weakly_positive,,
25-03-2024,weakly_positive,,
25-04-2019,weakly_negative,,
25-04-2020,neutral,,
25-04-2021,weakly_positive,,
25-04-2022,weakly_positive,,
25-04-2023,weakly_positive,,
25-04-2024,weakly_positive,,
25-05-2021,weakly_positive,,
25-05-2022,weakly_positive,neutral,
25-05-2023,weakly_positive,weakly_positive,
25-05-2024,weakly_positive,,
25-06-2019,weakly_positive,,
25-06-2020,weakly_positive,neutral,
25-06-2021,weakly_positive,,
25-06-2022,weakly_positive,,
25-06-2023,weakly_positive,,
25-06-2024,weakly_positive,,
25-07-2019,weakly_positive,,
25-07-2021,weakly_positive,,
25-07-2022,weakly_positive,,
25-07-2023,weakly_positive,weakly_positive,
25-07-2024,weakly_positive,,
25-08-2020,weakly_positive,,
25-08-2021,weakly_positive,neutral,
25-08-2022,neutral,,
25-08-2023,weakly_positive,,
25-08-2024,weakly_positive,,
25-09-2019,neutral,,
25-09-2022,weakly_negative,,
25-09-2023,weakly_positive,,
25-09-2024,weakly_positive,,
25-10-2019,weakly_positive,,
25-10-2020,neutral,,
25-10-2021,weakly_positive,,
25-10-2022,weakly_positive,,
25-10-2023,weakly_positive,,
25-10-2024,weakly_positive,weakly_positive,
25-11-2019,weakly_positive,,
25-11-2020,weakly_positive,,
25-11-2022,weakly_negative,,
25-11-2023,strongly_positive,,
25-11-2024,weakly_positive,,
25-12-2022,weakly_positive,,
25-12-2023,weakly_positive,,
25-12-2024,weakly_positive,,strongly_positive
26-01-2021,weakly_positive,,
26-01-2022,weakly_positive,,
26-01-2023,weakly_positive,,
26-01-2024,weakly_positive,,
26-01-2025,weakly_positive,,strongly_positive
26-02-2020,weakly_positive,,
26-02-2021,neutral,,
26-02-2022,weakly_positive,,
26-02-2023,weakly_positive,,
26-02-2024,weakly_positive,,
26-02-2025,weakly_positive,neutral,strongly_positive
26-03-2019,weakly_positive,,
26-03-2020,weakly_positive,,
26-03-2021,weakly_positive,,
26-03-2023,weakly_positive,,
26-03-2024,weakly_positive,,
26-04-2019,weakly_positive,,
26-04-2020,neutral,,
26-04-2021,weakly_positive,,
26-04-2022,weakly_positive,,
26-04-2023,weakly_positive,,
26-04-2024,weakly_positive,,
26-05-2020,weakly_positive,neutral,
26-05-2021,weakly_positive,neutral,
26-05-2022,weakly_positive,,
26-05-2023,weakly_positive,,
26-05-2024,weakly_positive,,
26-06-2019,weakly_positive,,
26-06-2020,weakly_positive,,
26-06-2021,weakly_positive,,
26-06-2022,weakly_positive,,
26-06-2023,weakly_positive,,
26-06-2024,weakly_positive,,
26-07-2019,weakly_positive,,
26-07-2020,weakly_positive,,
26-07-2021,weakly_positive,,
26-07-2022,weakly_positive,,
26-07-2023,weakly_positive,neutral,
26-07-2024,weakly_positive,,
26-08-2019,weakly_positive,,
26-08-2020,weakly_positive,,
26-08-2021,weakly_positive,,
26-08-2022,weakly_positive,,
26-08-2023,weakly_positive,,
26-08-2024,weakly_positive,,
26-09-2019,neutral,,
26-09-2021,weakly_negative,,
26-09-2022,weakly_positive,,
26-09-2023,weakly_positive,weakly_positive,
26-09-2024,weakly_positive,neutral,
26-10-2020,weakly_negative,,
26-10-2021,weakly_positive,,
26-10-2022,neutral,,
26-10-2023,weakly_positive,,
26-10-2024,weakly_positive,,
26-11-2017,weakly_positive,weakly_positive,
26-11-2019,weakly_positive,,
26-11-2021,weakly_positive,,
26-11-2022,weakly_positive,,
26-11-2023,weakly_positive,,
26-11-2024,weakly_positive,,
26-12-2018,neutral,neutral,
26-12-2019,weakly_positive,,
26-12-2020,weakly_positive,,
26-12-2022,weakly_positive,,
26-12-2023,weakly_positive,,
26-12-2024,weakly_positive,,strongly_positive
27-01-2022,weakly_positive,,
27-01-2023,neutral,,
27-01-2024,weakly_positive,,
27-01-2025,weakly_positive,,strongly_positive
27-02-2019,neutral,,
27-02-2020,weakly_negative,,
27-02-2022,weakly_positive,,
27-02-2023,weakly_positive,weakly_positive,
27-02-2024,weakly_positive,,
27-02-2025,weakly_positive,weakly_positive,strongly_positive
27-03-2020,weakly_positive,,
27-03-2021,weakly_positive,,
27-03-2022,weakly_positive,,
27-03-2023,weakly_positive,,
27-03-2024,weakly_positive,weakly_positive,
27-04-2020,weakly_positive,weakly_positive,
27-04-2021,weakly_positive,,
27-04-2022,neutral,,
27-04-2023,weakly_positive,,
27-04-2024,weakly_positive,,
27-05-2019,weakly_positive,,
27-05-2020,neutral,,
27-05-2021,weakly_positive,,
27-05-2022,weakly_positive,weakly_positive,
27-05-2023,weakly_positive,,
27-05-2024,weakly_positive,,
27-06-2019,weakly_positive,,
27-06-2022,neutral,,
27-06-2023,weakly_positive,neutral,
27-06-2024,weakly_positive,,
27-07-2020,weakly_positive,,
27-07-2021,weakly_negative,,
27-07-2022,neutral,,
27-07-2023,weakly_positive,,
27-07-2024,weakly_positive,,
27-08-2019,weakly_positive,,
27-08-2020,weakly_positive,,
27-08-2021,weakly_positive,,
27-08-2022,weakly_positive,,
27-08-2023,weakly_positive,,
27-08-2024,weakly_positive,weakly_positive,
27-09-2019,weakly_positive,,
27-09-2021,weakly_positive,,
27-09-2022,weakly_positive,,
27-09-2023,weakly_positive,,
27-09-2024,weakly_positive,,
27-10-2020,weakly_positive,,
27-10-2021,weakly_positive,,
27-10-2022,weakly_positive,,
27-10-2023,weakly_positive,,
27-10-2024,neutral,,
27-11-2019,weakly_positive,,
27-11-2020,strongly_positive,,
27-11-2021,weakly_positive,,
27-11-2022,weakly_positive,,
27-11-2023,weakly_positive,,
27-11-2024,weakly_positive,,
27-12-2018,weakly_positive,weakly_positive,
27-12-2019,weakly_positive,,
27-12-2021,weakly_positive,,
27-12-2022,weakly_positive,,
27-12-2023,weakly_positive,,
27-12-2024,weakly_positive,,strongly_positive
28-01-2020,weakly_positive,,
28-01-2022,weakly_positive,,
28-01-2024,weakly_positive,,
28-01-2025,weakly_positive,,strongly_positive
28-02-2020,weakly_positive,,
28-02-2021,weakly_positive,,
28-02-2022,weakly_positive,,
28-02-2023,weakly_positive,,
28-02-2024,weakly_positive,,
28-02-2025,weakly_positive,,strongly_positive
28-03-2018,weakly_positive,weakly_positive,
28-03-2020,weakly_positive,,
28-03-2021,weakly_positive,,
28-03-2022,weakly_positive,,
28-03-2023,weakly_positive,,
28-03-2024,weakly_positive,weakly_positive,
28-04-2020,neutral,,
28-04-2021,weakly_positive,,
28-04-2022,weakly_positive,,
28-04-2023,weakly_positive,,
28-04-2024,weakly_positive,,
28-05-2019,weakly_positive,,
28-05-2020,neutral,,
28-05-2021,weakly_positive,,
28-05-2022,weakly_positive,,
28-05-2023,weakly_positive,weakly_positive,
28-05-2024,weakly_positive,,
28-06-2019,weakly_positive,,
28-06-2020,neutral,,
28-06-2021,weakly_positive,weakly_positive,
28-06-2022,weakly_positive,,
28-06-2023,neutral,,
28-06-2024,weakly_positive,weakly_positive,
28-07-2020,weakly_positive,,
28-07-2021,weakly_positive,,
28-07-2022,weakly_positive,,
28-07-2023,weakly_positive,,
28-07-2024,weakly_positive,,
28-08-2019,strongly_negative,,
28-08-2020,weakly_positive,,
28-08-2021,weakly_positive,,
28-08-2022,weakly_positive,,
28-08-2023,weakly_positive,,
28-08-2024,weakly_positive,neutral,
28-09-2019,weakly_positive,,
28-09-2021,weakly_positive,,
28-09-2022,weakly_positive,,
28-09-2023,weakly_positive,,
28-09-2024,weakly_positive,,
28-10-2019,weakly_positive,,
28-10-2020,weakly_positive,neutral,
28-10-2021,weakly_positive,,
28-10-2022,weakly_positive,,
28-10-2024,weakly_positive,neutral,
28-11-2020,weakly_positive,,
28-11-2021,weakly_positive,,
28-11-2022,neutral,,
28-11-2023,weakly_positive,strongly_positive,
28-11-2024,weakly_positive,,
28-12-2018,neutral,neutral,
28-12-2020,weakly_positive,,
28-12-2021,weakly_positive,,
28-12-2022,neutral,,
28-12-2023,weakly_positive,weakly_positive,
28-12-2024,weakly_positive,,strongly_positive
29-01-2019,weakly_positive,weakly_positive,
29-01-2020,neutral,,
29-01-2021,weakly_positive,,
29-01-2022,weakly_positive,,
29-01-2023,weakly_positive,,
29-01-2024,weakly_positive,neutral,
29-01-2025,weakly_positive,neutral,strongly_positive
29-02-2024,weakly_positive,,
29-03-2021,weakly_positive,weakly_positive,
29-03-2022,weakly_positive,,
29-03-2023,weakly_positive,,
29-03-2024,weakly_positive,weakly_positive,
29-04-2020,weakly_positive,,
29-04-2021,weakly_positive,,
29-04-2022,neutral,,
29-04-2023,weakly_positive,,
29-04-2024,weakly_positive,,
29-05-2019,weakly_positive,,
29-05-2020,weakly_positive,,
29-05-2021,neutral,,
29-05-2022,strongly_positive,,
29-05-2023,weakly_positive,weakly_positive,
29-05-2024,weakly_positive,weakly_positive,
29-06-2020,weakly_positive,,
29-06-2021,weakly_positive,,
29-06-2022,weakly_positive,weakly_positive,
29-06-2023,weakly_positive,,
29-06-2024,weakly_positive,,
29-07-2019,weakly_negative,,
29-07-2020,weakly_positive,,
29-07-2021,neutral,,
29-07-2023,weakly_positive,,
29-07-2024,weakly_positive,weakly_positive,
29-08-2019,weakly_positive,,
29-08-2020,strongly_positive,,
29-08-2021,weakly_positive,,
29-08-2022,neutral,,
29-08-2023,weakly_positive,strongly_positive,
29-08-2024,weakly_positive,neutral,
29-09-2020,weakly_positive,weakly_positive,
29-09-2021,weakly_positive,weakly_positive,
29-09-2022,neutral,,
29-09-2023,weakly_positive,,
29-09-2024,weakly_positive,,
29-10-2019,strongly_positive,strongly_positive,
29-10-2020,weakly_positive,,
29-10-2021,weakly_negative,,
29-10-2023,weakly_positive,,
29-10-2024,weakly_positive,strongly_positive,
29-11-2020,weakly_positive,,
29-11-2021,weakly_positive,,
29-11-2022,weakly_positive,,
29-11-2023,weakly_positive,,
29-11-2024,weakly_positive,,
29-12-2020,weakly_positive,,
29-12-2021,weakly_positive,,
29-12-2022,neutral,,
29-12-2023,weakly_positive,,
29-12-2024,weakly_positive,,strongly_positive
30-01-2020,weakly_positive,,
30-01-2021,strongly_positive,,
30-01-2022,strongly_positive,,
30-01-2023,weakly_positive,,
30-01-2024,weakly_positive,,
30-01-2025,weakly_positive,,strongly_positive
30-03-2020,weakly_positive,,
30-03-2022,weakly_positive,,
30-03-2023,weakly_positive,weakly_positive,
30-03-2024,weakly_positive,,
30-04-2020,weakly_positive,,
30-04-2021,neutral,,
30-04-2022,neutral,,
30-04-2023,weakly_positive,,
30-04-2024,weakly_positive,weakly_positive,
30-05-2020,weakly_positive,,
30-05-2021,strongly_positive,,
30-05-2022,weakly_positive,strongly_positive,
30-05-2023,weakly_positive,,
30-05-2024,weakly_positive,weakly_positive,
30-06-2020,strongly_positive,,
30-06-2021,weakly_positive,,
30-06-2022,weakly_positive,,
30-06-2023,weakly_positive,,
30-06-2024,weakly_positive,,
30-07-2019,weakly_positive,,
30-07-2020,weakly_positive,neutral,
30-07-2021,weakly_positive,,
30-07-2022,weakly_positive,,
30-07-2023,neutral,,
30-07-2024,weakly_positive,weakly_positive,
30-08-2019,weakly_positive,,
30-08-2020,weakly_positive,,
30-08-2021,weakly_positive,weakly_positive,
30-08-2022,neutral,,
30-08-2023,weakly_positive,strongly_negative,
30-08-2024,weakly_positive,,
30-09-2019,weakly_positive,,
30-09-2021,neutral,,
30-09-2022,neutral,,
30-09-2023,weakly_positive,,
30-09-2024,weakly_positive,,
30-10-2019,weakly_positive,strongly_positive,
30-10-2020,neutral,,
30-10-2021,neutral,,
30-10-2022,weakly_positive,,
30-10-2023,weakly_positive,,
30-10-2024,weakly_positive,neutral,
30-11-2019,weakly_negative,,
30-11-2020,weakly_positive,,
30-11-2021,weakly_positive,,
30-11-2022,weakly_positive,,
30-11-2023,weakly_positive,,
30-11-2024,weakly_positive,,
30-12-2019,weakly_positive,,
30-12-2020,weakly_positive,,
30-12-2021,weakly_positive,,
30-12-2022,weakly_positive,,
30-12-2023,weakly_positive,,
30-12-2024,weakly_positive,,strongly_positive
31-01-2020,weakly_positive,,
31-01-2022,weakly_positive,,
31-01-2023,weakly_positive,,
31-01-2024,weakly_positive,neutral,
31-01-2025,weakly_positive,weakly_positive,strongly_positive
31-03-2020,weakly_positive,,
31-03-2021,weakly_positive,,
31-03-2022,weakly_positive,,
31-03-2023,weakly_positive,,
31-03-2024,weakly_positive,,
31-05-2019,weakly_negative,,
31-05-2020,weakly_positive,,
31-05-2021,weakly_positive,,
31-05-2022,weakly_positive,,
31-05-2023,weakly_positive,,
31-05-2024,weakly_positive,,
31-07-2019,weakly_positive,,
31-07-2020,weakly_positive,,
31-07-2021,weakly_positive,,
31-07-2023,weakly_positive,,
31-07-2024,weakly_positive,weakly_positive,
31-08-2020,weakly_positive,,
31-08-2021,weakly_positive,,
31-08-2022,neutral,,
31-08-2023,weakly_positive,,
31-08-2024,weakly_positive,,
31-10-2019,weakly_positive,,
31-10-2022,neutral,,
31-10-2023,weakly_positive,,
31-10-2024,weakly_positive,,
31-12-2019,weakly_positive,,
31-12-2020,weakly_positive,,
31-12-2021,weakly_positive,,
31-12-2022,weakly_positive,,
31-12-2023,weakly_positive,,
31-12-2024,weakly_positive,,strongly_positive
